id,first_name,last_name,email,gender,ip_address
1,Aaron,Griffin,agriffin0@homestead.com,Male,25.149.88.143
2,Rebecca,Perry,rperry1@webeden.co.uk,Female,124.96.14.157
3,Theresa,Armstrong,tarmstrong2@scientificamerican.com,Female,67.99.208.120
4,Mary,Meyer,mmeyer3@imageshack.us,Female,78.195.82.207
5,Billy,Reed,breed4@surveymonkey.com,Male,63.102.75.222
6,Scott,Cole,scole5@acquirethisname.com,Male,197.187.42.175
7,Deborah,Nguyen,dnguyen6@xing.com,Female,214.230.113.112
8,Catherine,Cox,ccox7@kickstarter.com,Female,179.23.39.219
9,Arthur,Wright,awright8@dailymotion.com,Male,110.130.123.182
10,David,Rivera,drivera9@redcross.org,Male,102.254.10.43
11,Alan,Porter,aportera@cnbc.com,Male,156.212.64.140
12,James,Wagner,jwagnerb@exblog.jp,Male,189.218.3.122
13,Adam,Adams,aadamsc@de.vu,Male,131.106.233.69
14,Carol,Fernandez,cfernandezd@seesaa.net,Female,136.165.111.173
15,Alan,Cox,acoxe@microsoft.com,Male,58.92.45.155
16,Joshua,Schmidt,jschmidtf@macromedia.com,Male,167.83.66.110
17,Scott,Sanders,ssandersg@rakuten.co.jp,Male,112.231.160.6
18,Gregory,Oliver,goliverh@cnet.com,Male,208.140.24.173
19,Terry,Olson,tolsoni@nps.gov,Male,215.18.125.71
20,Justin,Thompson,jthompsonj@kickstarter.com,Male,37.4.98.130
21,Terry,Nguyen,tnguyenk@jugem.jp,Male,228.242.170.234
22,Matthew,Graham,mgrahaml@stanford.edu,Male,235.74.232.21
23,Robert,Stephens,rstephensm@bravesites.com,Male,75.72.95.175
24,Michelle,Rivera,mriveran@bluehost.com,Female,67.95.46.220
25,Joyce,Fisher,jfishero@yahoo.co.jp,Female,91.253.147.153
26,Frances,Olson,folsonp@upenn.edu,Female,54.216.232.49
27,Kathy,Cook,kcookq@trellian.com,Female,236.107.221.252
28,Brian,Diaz,bdiazr@facebook.com,Male,66.171.4.98
29,Bruce,Matthews,bmatthewss@amazon.de,Male,199.7.140.80
30,Teresa,Walker,twalkert@amazon.co.jp,Female,0.40.199.222
31,Douglas,Williams,dwilliamsu@lycos.com,Male,150.206.105.183
32,Ernest,Woods,ewoodsv@dot.gov,Male,36.111.67.170
33,Jason,Carr,jcarrw@nba.com,Male,122.82.166.215
34,Virginia,Brown,vbrownx@ask.com,Female,115.187.64.143
35,Justin,Harris,jharrisy@wp.com,Male,240.87.171.137
36,Kelly,Bryant,kbryantz@youtube.com,Female,172.165.179.176
37,Lois,Gonzalez,lgonzalez10@dailymotion.com,Female,73.17.216.232
38,Alice,White,awhite11@smugmug.com,Female,216.19.187.238
39,Joyce,Phillips,jphillips12@seattletimes.com,Female,38.114.178.35
40,Bonnie,Cunningham,bcunningham13@domainmarket.com,Female,176.144.115.214
41,Earl,Daniels,edaniels14@dmoz.org,Male,100.126.220.196
42,Dennis,Riley,driley15@usa.gov,Male,216.196.62.2
43,Stephanie,Wells,swells16@harvard.edu,Female,112.158.8.132
44,Ruby,Reed,rreed17@howstuffworks.com,Female,155.161.109.44
45,Kelly,Wallace,kwallace18@cnet.com,Female,28.230.165.85
46,Catherine,Reynolds,creynolds19@google.nl,Female,59.235.232.97
47,Roy,Cook,rcook1a@wix.com,Male,103.186.43.222
48,Lois,Taylor,ltaylor1b@tuttocitta.it,Female,203.180.34.71
49,Patrick,Nguyen,pnguyen1c@squidoo.com,Male,49.121.46.4
50,Edward,Tucker,etucker1d@bravesites.com,Male,253.117.247.110
51,Eugene,Burke,eburke1e@china.com.cn,Male,230.67.13.119
52,Beverly,Harrison,bharrison1f@miitbeian.gov.cn,Female,214.167.142.127
53,Jack,Alexander,jalexander1g@e-recht24.de,Male,93.39.154.164
54,Edward,Wagner,ewagner1h@exblog.jp,Male,195.58.193.230
55,Frances,Morgan,fmorgan1i@goodreads.com,Female,147.142.79.75
56,Sarah,Young,syoung1j@yelp.com,Female,235.39.9.184
57,William,Ford,wford1k@addtoany.com,Male,20.173.228.255
58,Norma,Olson,nolson1l@ameblo.jp,Female,174.255.245.122
59,Angela,Thomas,athomas1m@oaic.gov.au,Female,124.237.138.36
60,Joan,Carter,jcarter1n@buzzfeed.com,Female,198.103.189.76
61,Peter,Roberts,proberts1o@apple.com,Male,30.29.153.130
62,Margaret,Ross,mross1p@oaic.gov.au,Female,25.44.91.160
63,Howard,Robertson,hrobertson1q@diigo.com,Male,147.190.201.176
64,Willie,Rose,wrose1r@diigo.com,Male,86.173.255.13
65,Antonio,Arnold,aarnold1s@google.ru,Male,171.206.242.230
66,Louise,White,lwhite1t@adobe.com,Female,171.166.106.222
67,Larry,Sullivan,lsullivan1u@barnesandnoble.com,Male,230.218.76.180
68,Helen,Alvarez,halvarez1v@pcworld.com,Female,234.125.69.34
69,Michael,Boyd,mboyd1w@hc360.com,Male,72.155.212.154
70,Stephen,Robertson,srobertson1x@ihg.com,Male,7.200.183.29
71,Scott,Simpson,ssimpson1y@360.cn,Male,236.72.12.144
72,Arthur,Snyder,asnyder1z@so-net.ne.jp,Male,10.93.205.42
73,Jacqueline,Henry,jhenry20@google.co.jp,Female,65.8.157.213
74,Bobby,Porter,bporter21@wikispaces.com,Male,206.37.249.133
75,Sara,Kennedy,skennedy22@istockphoto.com,Female,171.190.19.89
76,Randy,Phillips,rphillips23@newyorker.com,Male,201.186.248.155
77,Clarence,Meyer,cmeyer24@webmd.com,Male,199.5.132.246
78,Albert,Kelly,akelly25@zimbio.com,Male,181.190.246.130
79,Lisa,Spencer,lspencer26@quantcast.com,Female,234.18.34.196
80,Donald,Flores,dflores27@nifty.com,Male,37.207.45.8
81,Susan,Harris,sharris28@oracle.com,Female,128.250.93.186
82,Henry,Hill,hhill29@sina.com.cn,Male,26.240.83.168
83,Johnny,Reed,jreed2a@cornell.edu,Male,134.57.239.50
84,Todd,Phillips,tphillips2b@comcast.net,Male,15.145.13.120
85,Jennifer,Burke,jburke2c@weibo.com,Female,114.10.39.176
86,Shirley,Hall,shall2d@loc.gov,Female,175.211.19.213
87,Jacqueline,Garza,jgarza2e@github.io,Female,182.144.25.40
88,Bruce,Ross,bross2f@washington.edu,Male,116.136.20.35
89,Barbara,Garcia,bgarcia2g@ycombinator.com,Female,32.34.183.88
90,Tina,Miller,tmiller2h@google.pl,Female,246.200.247.51
91,Anne,Gonzales,agonzales2i@sogou.com,Female,98.129.8.58
92,Dorothy,Carpenter,dcarpenter2j@mlb.com,Female,161.125.255.88
93,Roger,Welch,rwelch2k@reddit.com,Male,181.208.191.241
94,Richard,Gardner,rgardner2l@ox.ac.uk,Male,253.117.155.75
95,Roy,Evans,revans2m@google.pl,Male,75.30.130.91
96,Donna,Roberts,droberts2n@dmoz.org,Female,217.126.10.143
97,Tina,Russell,trussell2o@nbcnews.com,Female,164.128.185.95
98,Janice,Sullivan,jsullivan2p@netlog.com,Female,57.138.51.239
99,Stephen,Watson,swatson2q@gnu.org,Male,111.63.117.148
100,Tammy,Warren,twarren2r@1688.com,Female,188.187.167.167
101,Dorothy,Medina,dmedina2s@miibeian.gov.cn,Female,1.224.7.220
102,Bruce,Bailey,bbailey2t@geocities.jp,Male,237.85.196.62
103,Julie,Castillo,jcastillo2u@vkontakte.ru,Female,187.114.170.234
104,Laura,Reed,lreed2v@wordpress.org,Female,246.56.187.148
105,Emily,Ramos,eramos2w@dailymotion.com,Female,15.101.162.151
106,Catherine,Frazier,cfrazier2x@bandcamp.com,Female,181.125.105.18
107,Paula,Wagner,pwagner2y@mtv.com,Female,96.121.58.177
108,Eric,Bailey,ebailey2z@zdnet.com,Male,118.113.103.134
109,Steven,Kim,skim30@chicagotribune.com,Male,238.214.31.11
110,Margaret,Wood,mwood31@accuweather.com,Female,235.249.74.102
111,Margaret,Jones,mjones32@lulu.com,Female,251.248.144.188
112,Louis,Gonzales,lgonzales33@deviantart.com,Male,29.66.91.186
113,Ryan,Thompson,rthompson34@newsvine.com,Male,76.238.133.180
114,Sara,Ward,sward35@histats.com,Female,84.20.173.180
115,Kevin,Baker,kbaker36@icio.us,Male,212.2.138.8
116,Earl,Weaver,eweaver37@xrea.com,Male,223.211.248.133
117,Christina,Hayes,chayes38@nasa.gov,Female,45.185.143.52
118,Nicole,James,njames39@linkedin.com,Female,84.1.165.222
119,Dorothy,Kim,dkim3a@independent.co.uk,Female,99.195.137.50
120,Sean,Nguyen,snguyen3b@latimes.com,Male,244.192.207.110
121,Johnny,Cunningham,jcunningham3c@last.fm,Male,78.30.197.216
122,Paul,Burton,pburton3d@amazonaws.com,Male,219.118.56.77
123,Charles,Cruz,ccruz3e@hc360.com,Male,190.182.1.101
124,Larry,Dunn,ldunn3f@issuu.com,Male,164.143.42.11
125,Joe,Ray,jray3g@cisco.com,Male,106.242.161.23
126,Kimberly,Howard,khoward3h@dyndns.org,Female,132.236.61.9
127,Amanda,Crawford,acrawford3i@wufoo.com,Female,191.159.225.125
128,Sharon,Arnold,sarnold3j@nyu.edu,Female,181.137.205.69
129,Norma,Clark,nclark3k@springer.com,Female,91.166.191.181
130,Donna,Stevens,dstevens3l@plala.or.jp,Female,176.133.215.179
131,Julie,Ryan,jryan3m@wunderground.com,Female,96.42.197.223
132,Richard,Cook,rcook3n@symantec.com,Male,234.243.108.246
133,Edward,Dixon,edixon3o@craigslist.org,Male,103.196.51.9
134,Dennis,Lawson,dlawson3p@t-online.de,Male,142.124.8.115
135,Edward,Green,egreen3q@xrea.com,Male,52.149.138.140
136,William,Ross,wross3r@unesco.org,Male,141.104.227.44
137,Diane,Kelley,dkelley3s@storify.com,Female,35.250.244.144
138,Debra,Hansen,dhansen3t@xing.com,Female,96.23.207.61
139,Rose,Coleman,rcoleman3u@goodreads.com,Female,153.235.52.34
140,Barbara,Wagner,bwagner3v@rakuten.co.jp,Female,199.222.63.9
141,Janet,Adams,jadams3w@about.me,Female,50.114.232.150
142,Lillian,Weaver,lweaver3x@friendfeed.com,Female,30.204.59.249
143,John,Tucker,jtucker3y@webnode.com,Male,246.228.250.65
144,Rose,Garcia,rgarcia3z@nps.gov,Female,38.72.3.62
145,Kenneth,Ryan,kryan40@deliciousdays.com,Male,0.131.191.74
146,Timothy,Warren,twarren41@ucsd.edu,Male,194.98.120.139
147,Lois,Sanders,lsanders42@wsj.com,Female,69.85.213.121
148,Brenda,Weaver,bweaver43@reverbnation.com,Female,23.123.223.221
149,Victor,Bell,vbell44@istockphoto.com,Male,54.89.29.244
150,Andrew,Olson,aolson45@google.de,Male,205.90.242.46
151,Ashley,Peterson,apeterson46@amazonaws.com,Female,237.104.41.98
152,Rachel,Harris,rharris47@networkadvertising.org,Female,106.141.96.51
153,George,Andrews,gandrews48@rambler.ru,Male,187.25.138.7
154,Donald,Medina,dmedina49@weather.com,Male,98.244.50.250
155,Dennis,Riley,driley4a@pbs.org,Male,150.251.196.164
156,Ernest,Franklin,efranklin4b@symantec.com,Male,57.123.86.48
157,Jeremy,Frazier,jfrazier4c@wsj.com,Male,144.240.163.123
158,Shirley,Grant,sgrant4d@sina.com.cn,Female,64.46.219.6
159,Stephen,Parker,sparker4e@reddit.com,Male,130.239.134.227
160,Linda,Carr,lcarr4f@usa.gov,Female,16.183.247.221
161,Lisa,Lee,llee4g@pen.io,Female,92.59.151.182
162,Sharon,Bryant,sbryant4h@vinaora.com,Female,146.1.62.45
163,Roy,Webb,rwebb4i@bigcartel.com,Male,87.170.223.217
164,Diane,Martin,dmartin4j@istockphoto.com,Female,221.208.44.13
165,Theresa,Kennedy,tkennedy4k@youtube.com,Female,181.44.162.75
166,Amanda,Matthews,amatthews4l@comsenz.com,Female,219.16.108.76
167,Anna,Ryan,aryan4m@freewebs.com,Female,152.254.61.57
168,Roy,Ortiz,rortiz4n@google.co.jp,Male,152.253.132.118
169,Jacqueline,Stanley,jstanley4o@webnode.com,Female,54.15.1.190
170,Ashley,Armstrong,aarmstrong4p@homestead.com,Female,26.96.52.8
171,Jesse,Mccoy,jmccoy4q@sphinn.com,Male,201.43.80.228
172,Scott,Parker,sparker4r@naver.com,Male,94.241.219.129
173,Victor,Hicks,vhicks4s@elpais.com,Male,99.2.32.174
174,Julie,Wells,jwells4t@opera.com,Female,247.27.120.16
175,Doris,Vasquez,dvasquez4u@google.co.uk,Female,56.133.21.52
176,Paul,Alvarez,palvarez4v@state.tx.us,Male,77.182.100.186
177,Tammy,Rice,trice4w@wisc.edu,Female,231.240.237.28
178,Elizabeth,Hicks,ehicks4x@epa.gov,Female,13.191.27.242
179,Henry,Bell,hbell4y@sun.com,Male,143.8.112.86
180,Margaret,Hawkins,mhawkins4z@nymag.com,Female,209.204.152.13
181,Norma,Patterson,npatterson50@skype.com,Female,6.97.221.79
182,Andrew,Perkins,aperkins51@yale.edu,Male,114.198.37.103
183,Carlos,Gonzalez,cgonzalez52@phpbb.com,Male,31.81.106.14
184,Lois,Montgomery,lmontgomery53@engadget.com,Female,148.133.88.82
185,Harold,Crawford,hcrawford54@youku.com,Male,175.15.157.10
186,Shawn,Matthews,smatthews55@dmoz.org,Male,23.57.84.165
187,Elizabeth,Jacobs,ejacobs56@cbslocal.com,Female,211.169.14.151
188,Marilyn,White,mwhite57@mac.com,Female,73.99.36.207
189,Mark,Ross,mross58@yellowpages.com,Male,29.46.152.234
190,Louis,Coleman,lcoleman59@foxnews.com,Male,127.113.138.159
191,Ernest,Smith,esmith5a@amazon.co.jp,Male,36.56.67.97
192,Jeremy,Ellis,jellis5b@skyrock.com,Male,196.166.225.223
193,Judy,Simmons,jsimmons5c@columbia.edu,Female,181.63.102.161
194,Benjamin,Weaver,bweaver5d@house.gov,Male,63.65.72.201
195,Shawn,Dean,sdean5e@biblegateway.com,Male,178.110.77.209
196,Kathleen,Harvey,kharvey5f@vk.com,Female,242.17.34.65
197,Martha,Moreno,mmoreno5g@xing.com,Female,132.232.117.56
198,Laura,Thompson,lthompson5h@weebly.com,Female,98.107.217.80
199,Keith,Cole,kcole5i@huffingtonpost.com,Male,0.217.44.141
200,Jesse,Stephens,jstephens5j@abc.net.au,Male,205.114.155.234
201,Timothy,Dunn,tdunn5k@live.com,Male,125.221.111.18
202,Teresa,Walker,twalker5l@addtoany.com,Female,135.186.49.105
203,Jean,Ramirez,jramirez5m@businessweek.com,Female,233.187.205.223
204,James,King,jking5n@vistaprint.com,Male,112.49.161.60
205,Paul,Cook,pcook5o@sciencedirect.com,Male,142.119.226.69
206,Antonio,Hart,ahart5p@seattletimes.com,Male,231.120.11.196
207,Gerald,Knight,gknight5q@edublogs.org,Male,1.98.152.190
208,Rose,Banks,rbanks5r@xing.com,Female,146.15.19.178
209,Katherine,Brooks,kbrooks5s@blogspot.com,Female,131.41.232.251
210,Peter,Sims,psims5t@ucoz.ru,Male,246.9.236.55
211,Lisa,Riley,lriley5u@smh.com.au,Female,22.254.242.84
212,Ronald,Long,rlong5v@t.co,Male,235.241.96.188
213,Patrick,Hernandez,phernandez5w@patch.com,Male,215.125.159.51
214,Phillip,Harper,pharper5x@columbia.edu,Male,100.33.115.43
215,Mark,Howell,mhowell5y@apache.org,Male,212.184.62.242
216,Harry,Watson,hwatson5z@miibeian.gov.cn,Male,196.240.181.181
217,Cheryl,Reynolds,creynolds60@uiuc.edu,Female,69.52.238.200
218,Phillip,Wood,pwood61@accuweather.com,Male,146.165.170.79
219,Joan,Bradley,jbradley62@ifeng.com,Female,199.65.50.2
220,Carl,Davis,cdavis63@ucla.edu,Male,235.103.59.240
221,Julia,Medina,jmedina64@arizona.edu,Female,159.201.115.160
222,Louis,Cox,lcox65@ifeng.com,Male,56.214.84.233
223,Irene,Black,iblack66@hatena.ne.jp,Female,243.135.176.0
224,Jack,Cooper,jcooper67@booking.com,Male,81.137.28.163
225,Mary,Henry,mhenry68@forbes.com,Female,141.23.90.105
226,Nicholas,Phillips,nphillips69@hp.com,Male,10.70.240.67
227,Martin,Phillips,mphillips6a@t.co,Male,128.226.191.105
228,Carolyn,Collins,ccollins6b@tripod.com,Female,140.28.66.253
229,Susan,Wheeler,swheeler6c@epa.gov,Female,97.206.143.156
230,Gary,Simpson,gsimpson6d@chicagotribune.com,Male,182.12.118.110
231,Joyce,Lewis,jlewis6e@washington.edu,Female,30.20.44.242
232,Emily,Little,elittle6f@plala.or.jp,Female,120.237.90.204
233,Elizabeth,Morris,emorris6g@harvard.edu,Female,206.225.229.5
234,Judy,Bryant,jbryant6h@apple.com,Female,30.190.36.172
235,Louis,Carter,lcarter6i@bing.com,Male,241.162.188.6
236,Lawrence,Ellis,lellis6j@berkeley.edu,Male,108.254.185.102
237,Andrew,Garcia,agarcia6k@discovery.com,Male,7.241.239.26
238,Nancy,Austin,naustin6l@booking.com,Female,182.104.2.67
239,Juan,Gardner,jgardner6m@booking.com,Male,206.113.72.237
240,Betty,Sanders,bsanders6n@dell.com,Female,134.77.210.1
241,Brandon,Bell,bbell6o@networkadvertising.org,Male,144.130.10.94
242,Amy,Snyder,asnyder6p@privacy.gov.au,Female,134.214.159.222
243,Gary,Johnson,gjohnson6q@ezinearticles.com,Male,46.6.77.97
244,Earl,Banks,ebanks6r@gmpg.org,Male,189.128.132.148
245,Diana,Reynolds,dreynolds6s@gov.uk,Female,160.87.24.174
246,Ralph,Cox,rcox6t@nasa.gov,Male,174.196.227.126
247,Alice,Simpson,asimpson6u@alexa.com,Female,121.205.83.19
248,Alice,Grant,agrant6v@omniture.com,Female,6.128.209.188
249,Samuel,Fisher,sfisher6w@theatlantic.com,Male,165.16.144.167
250,Craig,Nelson,cnelson6x@nifty.com,Male,254.122.101.224
251,Martha,Grant,mgrant6y@who.int,Female,114.252.255.242
252,Julie,Olson,jolson6z@huffingtonpost.com,Female,88.106.111.210
253,Andrew,Martinez,amartinez70@yahoo.co.jp,Male,66.76.182.156
254,Evelyn,Lynch,elynch71@de.vu,Female,236.67.202.62
255,Nicholas,Richardson,nrichardson72@themeforest.net,Male,46.182.43.139
256,Frank,Simmons,fsimmons73@earthlink.net,Male,135.21.214.220
257,Daniel,Gray,dgray74@myspace.com,Male,102.61.147.247
258,Ronald,Myers,rmyers75@last.fm,Male,222.73.173.24
259,Jessica,Peters,jpeters76@sohu.com,Female,60.199.246.185
260,Timothy,Russell,trussell77@istockphoto.com,Male,6.242.14.19
261,Sandra,Mcdonald,smcdonald78@bing.com,Female,143.232.86.180
262,Benjamin,Lane,blane79@printfriendly.com,Male,24.25.62.178
263,Aaron,Howard,ahoward7a@kickstarter.com,Male,13.68.61.105
264,Stephen,Watson,swatson7b@dagondesign.com,Male,91.122.21.149
265,Cynthia,Greene,cgreene7c@simplemachines.org,Female,109.160.29.146
266,Sharon,Dunn,sdunn7d@fastcompany.com,Female,214.191.202.190
267,Teresa,Mccoy,tmccoy7e@flickr.com,Female,145.134.75.162
268,Carl,Austin,caustin7f@samsung.com,Male,179.78.85.227
269,Lawrence,Torres,ltorres7g@hhs.gov,Male,183.22.190.143
270,Daniel,Murphy,dmurphy7h@goo.ne.jp,Male,164.206.23.29
271,Melissa,Foster,mfoster7i@comcast.net,Female,95.216.94.120
272,Sharon,Patterson,spatterson7j@vimeo.com,Female,22.160.7.88
273,Julie,Russell,jrussell7k@quantcast.com,Female,154.109.89.5
274,Joe,Riley,jriley7l@ucoz.com,Male,5.166.246.116
275,Anthony,Hughes,ahughes7m@nba.com,Male,225.0.9.13
276,Jeffrey,Bell,jbell7n@un.org,Male,74.25.215.136
277,Ruth,Wells,rwells7o@aol.com,Female,9.248.70.199
278,Robin,Diaz,rdiaz7p@timesonline.co.uk,Female,80.137.162.250
279,Julia,Gardner,jgardner7q@twitpic.com,Female,122.63.181.53
280,Sara,Gomez,sgomez7r@zdnet.com,Female,203.19.192.54
281,Justin,Riley,jriley7s@independent.co.uk,Male,17.221.44.77
282,Daniel,Wheeler,dwheeler7t@smh.com.au,Male,151.239.150.242
283,Martin,Burns,mburns7u@mapy.cz,Male,190.18.101.90
284,Doris,Montgomery,dmontgomery7v@springer.com,Female,228.247.105.246
285,Judith,Gray,jgray7w@japanpost.jp,Female,116.125.131.176
286,Randy,Simmons,rsimmons7x@nifty.com,Male,150.234.113.3
287,Randy,Taylor,rtaylor7y@ameblo.jp,Male,44.113.34.35
288,Gloria,Miller,gmiller7z@weebly.com,Female,189.11.190.22
289,Lawrence,Williamson,lwilliamson80@bizjournals.com,Male,147.192.155.108
290,Martha,Morrison,mmorrison81@unblog.fr,Female,254.179.54.56
291,Jeffrey,Wallace,jwallace82@dmoz.org,Male,236.142.22.132
292,Ryan,Medina,rmedina83@google.co.uk,Male,150.58.6.9
293,Samuel,West,swest84@statcounter.com,Male,93.125.94.148
294,Jesse,Hunt,jhunt85@yale.edu,Male,28.202.166.125
295,Michael,Grant,mgrant86@yahoo.co.jp,Male,26.205.27.221
296,John,Young,jyoung87@github.com,Male,154.96.139.200
297,Bruce,Palmer,bpalmer88@nhs.uk,Male,124.173.89.160
298,Walter,Harrison,wharrison89@posterous.com,Male,18.51.56.219
299,Mary,Dean,mdean8a@barnesandnoble.com,Female,151.238.83.119
300,Jennifer,Anderson,janderson8b@oakley.com,Female,188.32.50.145
301,Raymond,Martinez,rmartinez8c@baidu.com,Male,17.149.33.103
302,Joan,Robinson,jrobinson8d@jiathis.com,Female,181.232.48.226
303,Walter,Hamilton,whamilton8e@friendfeed.com,Male,242.13.9.240
304,Gregory,Howell,ghowell8f@edublogs.org,Male,197.190.7.19
305,Billy,Bennett,bbennett8g@dedecms.com,Male,24.96.43.162
306,Kathryn,Franklin,kfranklin8h@vistaprint.com,Female,82.126.133.14
307,Denise,Hicks,dhicks8i@cisco.com,Female,210.152.248.128
308,Nicole,Rose,nrose8j@zdnet.com,Female,43.191.118.217
309,Keith,Rice,krice8k@usda.gov,Male,1.185.208.29
310,Johnny,Martinez,jmartinez8l@china.com.cn,Male,11.187.29.57
311,Harry,Hicks,hhicks8m@myspace.com,Male,124.188.57.104
312,Bruce,Duncan,bduncan8n@istockphoto.com,Male,139.103.1.155
313,Kathy,Schmidt,kschmidt8o@imdb.com,Female,56.2.133.129
314,Maria,Bryant,mbryant8p@weibo.com,Female,242.160.140.107
315,Debra,Henderson,dhenderson8q@artisteer.com,Female,106.17.40.237
316,Wayne,Spencer,wspencer8r@cnbc.com,Male,5.27.116.1
317,Gregory,Morgan,gmorgan8s@europa.eu,Male,201.17.187.219
318,Earl,Harvey,eharvey8t@php.net,Male,12.76.187.125
319,David,Webb,dwebb8u@ebay.com,Male,75.17.213.149
320,George,Andrews,gandrews8v@surveymonkey.com,Male,121.53.26.6
321,Lawrence,Palmer,lpalmer8w@mit.edu,Male,246.208.1.25
322,Kathleen,Berry,kberry8x@miitbeian.gov.cn,Female,234.224.114.90
323,Jerry,Tucker,jtucker8y@behance.net,Male,129.104.251.219
324,Amy,Little,alittle8z@intel.com,Female,160.6.225.76
325,Matthew,Medina,mmedina90@github.io,Male,86.234.21.12
326,Mary,Gonzales,mgonzales91@weebly.com,Female,74.95.77.143
327,Raymond,Cox,rcox92@walmart.com,Male,162.2.236.119
328,Raymond,Ortiz,rortiz93@paginegialle.it,Male,111.55.112.175
329,Joshua,Smith,jsmith94@wordpress.org,Male,164.79.43.99
330,Jessica,Rice,jrice95@berkeley.edu,Female,227.201.112.17
331,Frank,Harris,fharris96@independent.co.uk,Male,55.31.202.71
332,Laura,Franklin,lfranklin97@accuweather.com,Female,25.182.219.241
333,Todd,Ray,tray98@ocn.ne.jp,Male,116.24.40.119
334,Peter,Franklin,pfranklin99@multiply.com,Male,133.154.134.30
335,Lori,Gray,lgray9a@ning.com,Female,36.153.159.61
336,Brandon,Ramirez,bramirez9b@qq.com,Male,205.159.244.197
337,Jennifer,Patterson,jpatterson9c@amazon.co.jp,Female,8.42.34.70
338,Linda,Payne,lpayne9d@baidu.com,Female,98.100.204.225
339,Frances,Lee,flee9e@hibu.com,Female,216.224.193.165
340,Wanda,Lawrence,wlawrence9f@com.com,Female,129.46.18.161
341,Anna,Burton,aburton9g@tinyurl.com,Female,170.164.112.126
342,Arthur,Burke,aburke9h@infoseek.co.jp,Male,200.178.198.43
343,Timothy,Day,tday9i@pinterest.com,Male,106.217.13.181
344,Carol,Barnes,cbarnes9j@fastcompany.com,Female,2.220.231.205
345,Jessica,Brooks,jbrooks9k@boston.com,Female,26.68.88.185
346,Diane,Olson,dolson9l@cpanel.net,Female,217.168.249.176
347,James,Jackson,jjackson9m@auda.org.au,Male,207.141.147.84
348,Nancy,Vasquez,nvasquez9n@cisco.com,Female,45.176.34.162
349,James,Lawrence,jlawrence9o@scientificamerican.com,Male,21.76.43.149
350,Robert,Mcdonald,rmcdonald9p@oracle.com,Male,154.232.220.129
351,Cheryl,Watkins,cwatkins9q@cdc.gov,Female,207.55.135.225
352,Pamela,Carter,pcarter9r@indiatimes.com,Female,22.138.111.138
353,Helen,Carroll,hcarroll9s@nasa.gov,Female,38.123.206.253
354,Ryan,Nichols,rnichols9t@mediafire.com,Male,3.161.78.44
355,Emily,Perez,eperez9u@tumblr.com,Female,236.8.5.40
356,Jason,Hudson,jhudson9v@irs.gov,Male,118.21.162.109
357,Marilyn,Chapman,mchapman9w@gravatar.com,Female,96.232.245.204
358,Teresa,Ross,tross9x@goo.gl,Female,148.145.83.208
359,Beverly,Dunn,bdunn9y@infoseek.co.jp,Female,92.251.198.157
360,Barbara,Stephens,bstephens9z@linkedin.com,Female,146.182.35.236
361,Thomas,Phillips,tphillipsa0@github.io,Male,52.148.103.117
362,Sandra,Webb,swebba1@nba.com,Female,9.214.241.146
363,Louise,Moore,lmoorea2@delicious.com,Female,119.56.56.151
364,Barbara,Little,blittlea3@npr.org,Female,65.116.178.222
365,Joshua,Simmons,jsimmonsa4@booking.com,Male,216.22.209.234
366,Russell,Burns,rburnsa5@naver.com,Male,138.86.206.51
367,Aaron,West,awesta6@quantcast.com,Male,204.226.109.76
368,Scott,Wheeler,swheelera7@slate.com,Male,112.198.110.150
369,Ralph,Young,ryounga8@indiegogo.com,Male,203.152.16.66
370,Heather,Wheeler,hwheelera9@flavors.me,Female,225.114.3.195
371,Joe,Ward,jwardaa@bloomberg.com,Male,188.107.119.191
372,Paul,Fields,pfieldsab@narod.ru,Male,206.233.50.61
373,John,Brooks,jbrooksac@ibm.com,Male,175.188.130.203
374,Thomas,Gordon,tgordonad@behance.net,Male,216.144.28.233
375,Lori,Richardson,lrichardsonae@issuu.com,Female,61.96.213.191
376,Annie,Watson,awatsonaf@soundcloud.com,Female,30.237.246.13
377,Jeremy,Peterson,jpetersonag@plala.or.jp,Male,22.38.236.187
378,Douglas,Anderson,dandersonah@t-online.de,Male,132.70.60.207
379,Diane,Sanders,dsandersai@wp.com,Female,27.22.132.15
380,Martin,Hicks,mhicksaj@amazon.de,Male,123.168.16.171
381,Donna,Richardson,drichardsonak@skyrock.com,Female,182.245.40.227
382,Lois,Robinson,lrobinsonal@free.fr,Female,7.83.254.168
383,Diane,Miller,dmilleram@google.nl,Female,30.180.162.167
384,Bonnie,Nelson,bnelsonan@trellian.com,Female,165.135.185.4
385,Sandra,Murphy,smurphyao@netvibes.com,Female,157.120.42.204
386,Mark,Freeman,mfreemanap@yellowpages.com,Male,234.5.136.118
387,Victor,Tucker,vtuckeraq@shutterfly.com,Male,214.171.148.217
388,Angela,Kennedy,akennedyar@businessinsider.com,Female,8.109.138.4
389,Frank,Dunn,fdunnas@biglobe.ne.jp,Male,226.178.41.69
390,Joseph,Watkins,jwatkinsat@state.gov,Male,62.246.173.146
391,Sarah,Lane,slaneau@npr.org,Female,219.18.3.163
392,Jennifer,Harper,jharperav@trellian.com,Female,138.191.216.158
393,David,Schmidt,dschmidtaw@wikispaces.com,Male,104.123.178.140
394,Julia,Jordan,jjordanax@spotify.com,Female,175.167.193.121
395,Larry,Spencer,lspenceray@twitter.com,Male,135.96.75.161
396,Andrew,Young,ayoungaz@bloglovin.com,Male,88.196.40.39
397,Denise,Gilbert,dgilbertb0@opensource.org,Female,206.13.125.221
398,Virginia,Vasquez,vvasquezb1@china.com.cn,Female,25.163.118.73
399,Melissa,White,mwhiteb2@illinois.edu,Female,155.73.237.61
400,Sarah,Ramos,sramosb3@si.edu,Female,36.102.69.56
401,Bobby,Crawford,bcrawfordb4@google.ru,Male,242.67.122.237
402,Rachel,Miller,rmillerb5@admin.ch,Female,36.195.133.58
403,Ernest,Howell,ehowellb6@intel.com,Male,196.49.146.220
404,Martin,King,mkingb7@kickstarter.com,Male,159.12.201.156
405,Ralph,Hansen,rhansenb8@hexun.com,Male,81.11.29.188
406,Stephen,Gonzales,sgonzalesb9@gizmodo.com,Male,145.213.31.215
407,Antonio,Coleman,acolemanba@techcrunch.com,Male,115.20.220.126
408,Ann,Freeman,afreemanbb@mapquest.com,Female,243.74.71.167
409,Karen,Carpenter,kcarpenterbc@1688.com,Female,50.64.117.175
410,Carlos,Myers,cmyersbd@cbsnews.com,Male,226.101.52.198
411,Lawrence,Mills,lmillsbe@state.tx.us,Male,228.159.148.202
412,Barbara,Gray,bgraybf@artisteer.com,Female,77.136.149.233
413,Walter,Parker,wparkerbg@xrea.com,Male,112.217.129.190
414,Melissa,Warren,mwarrenbh@cornell.edu,Female,142.221.118.84
415,Eric,Perry,eperrybi@xinhuanet.com,Male,45.39.143.109
416,Benjamin,Cox,bcoxbj@aboutads.info,Male,102.121.200.190
417,Paula,Fowler,pfowlerbk@skyrock.com,Female,176.146.249.228
418,Sandra,Hunter,shunterbl@google.nl,Female,48.131.94.237
419,Jerry,Evans,jevansbm@twitter.com,Male,144.207.228.104
420,Sara,Powell,spowellbn@hexun.com,Female,214.186.223.167
421,Christopher,Wells,cwellsbo@spotify.com,Male,200.246.75.239
422,Roger,Carroll,rcarrollbp@woothemes.com,Male,226.219.224.81
423,Joe,Richardson,jrichardsonbq@nytimes.com,Male,17.107.234.80
424,Jerry,Castillo,jcastillobr@nationalgeographic.com,Male,170.197.150.140
425,Carl,Robertson,crobertsonbs@yolasite.com,Male,4.151.116.80
426,Bonnie,Ellis,bellisbt@ftc.gov,Female,229.207.103.84
427,Anna,Riley,arileybu@sun.com,Female,144.187.62.232
428,Eugene,Romero,eromerobv@miibeian.gov.cn,Male,45.4.213.179
429,Patrick,Alexander,palexanderbw@phpbb.com,Male,68.193.73.122
430,Karen,Hayes,khayesbx@infoseek.co.jp,Female,125.135.164.16
431,Harry,Scott,hscottby@techcrunch.com,Male,252.197.118.167
432,Lillian,Payne,lpaynebz@samsung.com,Female,151.231.250.100
433,Paula,Lee,pleec0@loc.gov,Female,80.174.11.183
434,Louis,Hernandez,lhernandezc1@gov.uk,Male,196.4.145.228
435,Kathryn,Murray,kmurrayc2@1688.com,Female,72.22.85.207
436,Barbara,Smith,bsmithc3@google.com.au,Female,95.227.139.219
437,Phillip,Carr,pcarrc4@tumblr.com,Male,131.213.4.174
438,Angela,Washington,awashingtonc5@shinystat.com,Female,150.130.191.91
439,Kenneth,Holmes,kholmesc6@seattletimes.com,Male,29.78.243.144
440,Harold,Little,hlittlec7@tumblr.com,Male,108.28.247.101
441,Harry,Hayes,hhayesc8@mlb.com,Male,118.223.211.53
442,Louise,Ferguson,lfergusonc9@yahoo.com,Female,136.177.250.50
443,Marilyn,Davis,mdavisca@meetup.com,Female,142.126.175.186
444,Lori,Garcia,lgarciacb@amazon.de,Female,62.32.48.74
445,Brian,Thomas,bthomascc@walmart.com,Male,114.147.114.190
446,Benjamin,Hughes,bhughescd@ycombinator.com,Male,69.205.182.162
447,Annie,Mccoy,amccoyce@sbwire.com,Female,138.252.216.117
448,Tina,Hansen,thansencf@miibeian.gov.cn,Female,69.173.3.18
449,Ashley,Gilbert,agilbertcg@macromedia.com,Female,51.98.101.101
450,Wanda,Rivera,wriverach@jiathis.com,Female,17.241.187.142
451,Howard,Ferguson,hfergusonci@about.me,Male,143.9.31.116
452,Billy,Campbell,bcampbellcj@stumbleupon.com,Male,72.53.164.82
453,Justin,Mitchell,jmitchellck@mlb.com,Male,19.244.252.113
454,Jonathan,Ramos,jramoscl@quantcast.com,Male,105.208.127.131
455,Jeffrey,Perkins,jperkinscm@pen.io,Male,124.212.239.10
456,Martha,Morrison,mmorrisoncn@prnewswire.com,Female,121.199.154.227
457,Jose,Morris,jmorrisco@tumblr.com,Male,208.99.230.60
458,Sarah,Franklin,sfranklincp@elegantthemes.com,Female,255.125.171.199
459,Ashley,Coleman,acolemancq@gravatar.com,Female,184.190.136.82
460,Bruce,James,bjamescr@delicious.com,Male,103.214.215.183
461,Stephen,Castillo,scastillocs@ifeng.com,Male,66.60.65.92
462,Michelle,Campbell,mcampbellct@usatoday.com,Female,115.29.166.60
463,Sharon,Perkins,sperkinscu@stanford.edu,Female,48.140.16.34
464,Susan,Young,syoungcv@webnode.com,Female,184.85.103.128
465,Todd,Ellis,telliscw@storify.com,Male,246.191.142.184
466,Laura,Dunn,ldunncx@howstuffworks.com,Female,86.57.61.29
467,Lori,Welch,lwelchcy@slashdot.org,Female,84.34.77.160
468,Adam,Cook,acookcz@princeton.edu,Male,161.86.222.216
469,Denise,Lane,dlaned0@privacy.gov.au,Female,126.234.87.203
470,Phillip,Hall,phalld1@google.pl,Male,140.93.147.30
471,Lisa,Hall,lhalld2@yellowpages.com,Female,235.2.3.53
472,Stephen,Ortiz,sortizd3@quantcast.com,Male,109.148.86.138
473,Peter,Lee,pleed4@state.tx.us,Male,36.165.227.121
474,Phyllis,Robertson,probertsond5@ucla.edu,Female,173.236.64.5
475,Kathleen,Dixon,kdixond6@t-online.de,Female,226.188.156.201
476,Wayne,Foster,wfosterd7@storify.com,Male,111.199.21.173
477,Mark,Fuller,mfullerd8@1und1.de,Male,195.144.117.224
478,Louis,Fuller,lfullerd9@cbsnews.com,Male,180.200.191.112
479,Theresa,Hunter,thunterda@walmart.com,Female,64.232.70.148
480,Michelle,Nguyen,mnguyendb@jimdo.com,Female,227.238.128.233
481,Annie,Perez,aperezdc@ocn.ne.jp,Female,146.107.135.164
482,Katherine,Garcia,kgarciadd@yolasite.com,Female,207.7.194.176
483,Adam,Miller,amillerde@engadget.com,Male,224.43.40.14
484,David,Gonzales,dgonzalesdf@blogs.com,Male,231.127.33.106
485,Nancy,Tucker,ntuckerdg@accuweather.com,Female,81.198.110.226
486,Kevin,Lawson,klawsondh@hatena.ne.jp,Male,177.73.162.16
487,Carolyn,Ortiz,cortizdi@slashdot.org,Female,144.144.26.251
488,Nicholas,Wilson,nwilsondj@usnews.com,Male,239.114.108.241
489,Kelly,Powell,kpowelldk@macromedia.com,Female,99.190.21.215
490,Melissa,Stone,mstonedl@taobao.com,Female,22.233.239.203
491,Rose,Perry,rperrydm@biglobe.ne.jp,Female,72.138.89.245
492,Bobby,Bailey,bbaileydn@domainmarket.com,Male,132.252.141.133
493,Lisa,Larson,llarsondo@wufoo.com,Female,155.149.82.24
494,Betty,Burke,bburkedp@friendfeed.com,Female,243.138.137.198
495,Ralph,Welch,rwelchdq@boston.com,Male,176.126.7.196
496,Jack,Diaz,jdiazdr@t.co,Male,97.112.79.62
497,Alice,Day,adayds@va.gov,Female,125.82.225.84
498,Jonathan,Arnold,jarnolddt@dailymotion.com,Male,99.45.245.177
499,Harry,Foster,hfosterdu@gov.uk,Male,228.60.37.205
500,Timothy,Garrett,tgarrettdv@timesonline.co.uk,Male,178.193.249.85
501,John,Hughes,jhughesdw@123-reg.co.uk,Male,92.84.232.12
502,Sean,Banks,sbanksdx@google.ru,Male,119.24.117.126
503,Bobby,Spencer,bspencerdy@ebay.com,Male,6.236.212.137
504,Albert,Barnes,abarnesdz@sina.com.cn,Male,136.67.39.104
505,Carl,Howell,chowelle0@hibu.com,Male,123.253.184.128
506,Catherine,Chapman,cchapmane1@miibeian.gov.cn,Female,201.16.224.252
507,Eric,Morris,emorrise2@rakuten.co.jp,Male,198.202.149.103
508,Amanda,Hart,aharte3@google.es,Female,92.155.212.128
509,Andrea,Willis,awillise4@photobucket.com,Female,147.234.42.218
510,Juan,Bishop,jbishope5@typepad.com,Male,76.131.176.182
511,Tina,Gordon,tgordone6@accuweather.com,Female,85.24.245.158
512,Diane,Reyes,dreyese7@amazon.co.uk,Female,127.81.154.101
513,Melissa,Spencer,mspencere8@blog.com,Female,69.240.64.61
514,Catherine,George,cgeorgee9@cdc.gov,Female,180.51.99.168
515,Donna,Berry,dberryea@mapy.cz,Female,203.164.65.72
516,Evelyn,Henry,ehenryeb@lulu.com,Female,220.209.86.32
517,Deborah,Carter,dcarterec@tripod.com,Female,206.250.255.76
518,Walter,Anderson,wandersoned@xing.com,Male,157.31.116.102
519,Joyce,Cox,jcoxee@ucla.edu,Female,226.104.247.61
520,Philip,Moreno,pmorenoef@about.me,Male,2.192.253.168
521,Norma,Johnson,njohnsoneg@diigo.com,Female,252.143.184.206
522,Larry,Carroll,lcarrolleh@japanpost.jp,Male,36.99.148.131
523,Antonio,Reed,areedei@salon.com,Male,23.132.89.51
524,Ann,Roberts,arobertsej@live.com,Female,116.139.154.6
525,Andrew,Sanders,asandersek@uiuc.edu,Male,48.92.61.199
526,Helen,Meyer,hmeyerel@state.gov,Female,204.69.186.219
527,Debra,Mills,dmillsem@uiuc.edu,Female,36.238.191.119
528,Norma,Snyder,nsnyderen@wix.com,Female,71.72.203.104
529,Irene,Ellis,ielliseo@geocities.com,Female,62.224.236.95
530,Wayne,Dixon,wdixonep@npr.org,Male,192.143.92.115
531,Lawrence,Simpson,lsimpsoneq@digg.com,Male,52.116.176.120
532,Susan,Howard,showarder@state.tx.us,Female,72.72.124.27
533,Ruth,Flores,rfloreses@marriott.com,Female,223.86.116.167
534,Shirley,Wagner,swagneret@netvibes.com,Female,138.154.218.20
535,Carol,Scott,cscotteu@nifty.com,Female,127.9.5.211
536,Jennifer,Gardner,jgardnerev@qq.com,Female,192.193.112.207
537,Karen,Lawrence,klawrenceew@admin.ch,Female,97.34.31.189
538,Wanda,Edwards,wedwardsex@goo.ne.jp,Female,212.61.26.201
539,Earl,Miller,emillerey@timesonline.co.uk,Male,69.230.209.205
540,Jessica,Hart,jhartez@naver.com,Female,125.222.123.112
541,Matthew,Wright,mwrightf0@delicious.com,Male,54.33.153.181
542,Helen,Coleman,hcolemanf1@wired.com,Female,209.227.14.46
543,Irene,Miller,imillerf2@deviantart.com,Female,201.85.177.29
544,Cynthia,Bowman,cbowmanf3@adobe.com,Female,168.199.190.246
545,Carl,Mendoza,cmendozaf4@blogs.com,Male,227.118.105.135
546,Sarah,Myers,smyersf5@desdev.cn,Female,160.220.50.133
547,Willie,Ferguson,wfergusonf6@networkadvertising.org,Male,214.43.53.143
548,Johnny,Brooks,jbrooksf7@ocn.ne.jp,Male,250.101.35.89
549,Steven,Crawford,scrawfordf8@stumbleupon.com,Male,35.57.165.146
550,Douglas,Hart,dhartf9@opensource.org,Male,181.74.208.248
551,Brian,Sullivan,bsullivanfa@eepurl.com,Male,209.50.208.210
552,Edward,Gomez,egomezfb@dyndns.org,Male,250.69.36.227
553,Linda,Ramos,lramosfc@alexa.com,Female,124.112.62.119
554,David,Greene,dgreenefd@myspace.com,Male,231.246.126.185
555,Ryan,Morales,rmoralesfe@paypal.com,Male,194.159.118.231
556,Eugene,Watkins,ewatkinsff@tuttocitta.it,Male,102.94.134.54
557,Janice,Ruiz,jruizfg@timesonline.co.uk,Female,249.107.55.8
558,Phyllis,Stephens,pstephensfh@bbb.org,Female,200.193.139.105
559,Heather,Bowman,hbowmanfi@amazon.co.jp,Female,20.17.194.23
560,Lori,Brown,lbrownfj@1und1.de,Female,30.209.210.67
561,Karen,Marshall,kmarshallfk@discovery.com,Female,151.196.60.175
562,Amy,Hanson,ahansonfl@mozilla.org,Female,68.193.254.206
563,Judy,Roberts,jrobertsfm@cdbaby.com,Female,87.95.23.172
564,Arthur,Carr,acarrfn@pagesperso-orange.fr,Male,202.148.179.83
565,Jennifer,Castillo,jcastillofo@miitbeian.gov.cn,Female,59.87.104.123
566,Paula,Hansen,phansenfp@marriott.com,Female,211.207.55.252
567,Janet,Frazier,jfrazierfq@smh.com.au,Female,49.178.241.34
568,Charles,Jenkins,cjenkinsfr@about.com,Male,158.44.61.118
569,Henry,Garza,hgarzafs@tiny.add,Male,16.91.69.166
570,Sean,Alvarez,salvarezft@deliciousdays.com,Male,9.107.178.43
571,Eugene,Bryant,ebryantfu@indiegogo.com,Male,181.94.27.175
572,Ashley,Richards,arichardsfv@statcounter.com,Female,35.122.112.101
573,Sean,Freeman,sfreemanfw@ed.gov,Male,58.14.39.165
574,Patrick,Allen,pallenfx@mac.com,Male,100.107.65.93
575,Susan,Harper,sharperfy@fastcompany.com,Female,204.22.169.90
576,Jack,Smith,jsmithfz@meetup.com,Male,18.136.169.248
577,Denise,Lane,dlaneg0@businessweek.com,Female,61.97.126.218
578,Kathy,Thompson,kthompsong1@bloglovin.com,Female,61.76.80.8
579,Ralph,Collins,rcollinsg2@oaic.gov.au,Male,135.182.192.150
580,Roger,Johnson,rjohnsong3@wikia.com,Male,252.6.94.62
581,Michael,Ward,mwardg4@123-reg.co.uk,Male,108.185.178.131
582,Nicole,Wells,nwellsg5@is.gd,Female,98.80.9.34
583,Robert,Ferguson,rfergusong6@state.tx.us,Male,226.151.163.189
584,Catherine,Rodriguez,crodriguezg7@newyorker.com,Female,142.228.173.13
585,Phyllis,Griffin,pgriffing8@noaa.gov,Female,86.79.19.220
586,Eric,Crawford,ecrawfordg9@vk.com,Male,115.224.240.66
587,Daniel,Gonzales,dgonzalesga@vimeo.com,Male,193.1.245.37
588,Sean,Perez,sperezgb@google.fr,Male,207.64.91.154
589,David,Tucker,dtuckergc@elegantthemes.com,Male,221.176.55.203
590,Steven,Bennett,sbennettgd@wufoo.com,Male,125.19.128.122
591,Patricia,Rice,pricege@marketwatch.com,Female,214.47.133.152
592,Barbara,Hunter,bhuntergf@hatena.ne.jp,Female,6.111.89.83
593,Jessica,Gardner,jgardnergg@slideshare.net,Female,226.133.115.171
594,Alan,Mills,amillsgh@hc360.com,Male,239.206.107.197
595,Samuel,Dixon,sdixongi@dagondesign.com,Male,137.211.252.172
596,Patricia,Payne,ppaynegj@spotify.com,Female,177.35.60.134
597,Shirley,Watson,swatsongk@dot.gov,Female,197.129.54.104
598,Craig,Taylor,ctaylorgl@dion.ne.jp,Male,50.148.80.196
599,Jose,Carpenter,jcarpentergm@amazon.de,Male,207.238.161.200
600,Roy,Lopez,rlopezgn@sakura.ne.jp,Male,24.67.185.168
601,Janice,Marshall,jmarshallgo@delicious.com,Female,241.7.218.237
602,Thomas,Mccoy,tmccoygp@tuttocitta.it,Male,57.163.51.134
603,Willie,Carroll,wcarrollgq@cdc.gov,Male,30.5.112.238
604,Harold,Allen,hallengr@wisc.edu,Male,159.95.181.29
605,Marie,Hamilton,mhamiltongs@columbia.edu,Female,221.109.211.139
606,Cheryl,Garrett,cgarrettgt@irs.gov,Female,252.201.151.31
607,Brenda,Brown,bbrowngu@ebay.com,Female,54.47.15.56
608,Andrew,Kelly,akellygv@virginia.edu,Male,69.204.139.46
609,Susan,Thompson,sthompsongw@berkeley.edu,Female,144.175.242.122
610,Michelle,Hernandez,mhernandezgx@alibaba.com,Female,48.20.244.37
611,Louise,Murphy,lmurphygy@hugedomains.com,Female,248.104.28.201
612,David,Williams,dwilliamsgz@yelp.com,Male,177.243.243.147
613,Willie,Henderson,whendersonh0@i2i.jp,Male,155.64.207.7
614,Rose,Harrison,rharrisonh1@hc360.com,Female,179.52.13.28
615,Jose,Burns,jburnsh2@ustream.tv,Male,178.216.64.244
616,Ruby,Ryan,rryanh3@eepurl.com,Female,55.101.137.174
617,Julia,Rice,jriceh4@phoca.cz,Female,211.241.236.169
618,Lori,Robinson,lrobinsonh5@google.com.au,Female,177.252.190.90
619,Lillian,Warren,lwarrenh6@alexa.com,Female,31.233.254.170
620,Alice,Fuller,afullerh7@studiopress.com,Female,211.26.177.100
621,Denise,Jones,djonesh8@purevolume.com,Female,192.164.43.28
622,Rachel,Smith,rsmithh9@discuz.net,Female,103.80.114.169
623,Marie,Miller,mmillerha@tinypic.com,Female,13.117.220.3
624,Sarah,Palmer,spalmerhb@blog.com,Female,123.231.139.239
625,Norma,Turner,nturnerhc@csmonitor.com,Female,82.215.223.133
626,Heather,Bradley,hbradleyhd@is.gd,Female,237.40.170.83
627,Lawrence,Clark,lclarkhe@mapy.cz,Male,253.178.164.41
628,Justin,Gonzales,jgonzaleshf@list-manage.com,Male,19.40.86.204
629,Bruce,Barnes,bbarneshg@google.com.au,Male,229.41.104.169
630,Margaret,Stephens,mstephenshh@springer.com,Female,92.55.243.7
631,Alice,Mccoy,amccoyhi@sbwire.com,Female,65.45.134.127
632,Jason,Harper,jharperhj@biglobe.ne.jp,Male,196.121.123.29
633,Randy,Larson,rlarsonhk@cornell.edu,Male,108.32.158.67
634,Kathryn,Webb,kwebbhl@arizona.edu,Female,127.187.64.209
635,Jennifer,Evans,jevanshm@phpbb.com,Female,202.164.242.207
636,Steven,Willis,swillishn@addthis.com,Male,194.108.153.30
637,Diane,Ross,drossho@hatena.ne.jp,Female,229.182.104.16
638,Tammy,Patterson,tpattersonhp@blinklist.com,Female,130.100.113.103
639,Alan,Schmidt,aschmidthq@patch.com,Male,158.224.96.253
640,Christopher,Mason,cmasonhr@senate.gov,Male,214.62.212.110
641,Eugene,Knight,eknighths@buzzfeed.com,Male,254.36.150.21
642,Mildred,Peterson,mpetersonht@uol.com.br,Female,32.89.188.72
643,Emily,Warren,ewarrenhu@si.edu,Female,198.91.208.55
644,Howard,Ryan,hryanhv@icq.com,Male,241.41.158.162
645,Dorothy,Powell,dpowellhw@privacy.gov.au,Female,168.247.141.147
646,Ann,Larson,alarsonhx@unicef.org,Female,136.41.103.192
647,Timothy,Wood,twoodhy@canalblog.com,Male,99.11.7.135
648,Jimmy,Baker,jbakerhz@seattletimes.com,Male,64.83.121.195
649,Tina,Nichols,tnicholsi0@noaa.gov,Female,196.218.136.86
650,Jeffrey,Gray,jgrayi1@home.pl,Male,89.198.27.98
651,Peter,Stephens,pstephensi2@csmonitor.com,Male,88.55.33.56
652,Andrea,Foster,afosteri3@themeforest.net,Female,191.47.101.47
653,Edward,Griffin,egriffini4@ibm.com,Male,37.242.13.135
654,Russell,Willis,rwillisi5@techcrunch.com,Male,208.69.43.28
655,Sandra,Meyer,smeyeri6@slate.com,Female,172.241.124.131
656,Alan,Mendoza,amendozai7@altervista.org,Male,15.112.6.120
657,Douglas,Peterson,dpetersoni8@tinyurl.com,Male,210.49.195.89
658,Lisa,Harris,lharrisi9@apache.org,Female,219.64.44.237
659,James,Edwards,jedwardsia@dagondesign.com,Male,73.104.143.118
660,Robin,Mccoy,rmccoyib@dell.com,Female,3.196.202.53
661,Julie,Mendoza,jmendozaic@theatlantic.com,Female,212.235.216.188
662,Amy,Price,apriceid@booking.com,Female,152.251.68.237
663,Gloria,Dunn,gdunnie@woothemes.com,Female,41.138.9.42
664,Ronald,Hunt,rhuntif@cnn.com,Male,200.149.101.35
665,Patrick,Gordon,pgordonig@123-reg.co.uk,Male,166.10.174.204
666,Eugene,Hayes,ehayesih@amazon.de,Male,49.86.9.109
667,Martha,Woods,mwoodsii@altervista.org,Female,222.187.22.68
668,Earl,Edwards,eedwardsij@cdc.gov,Male,247.198.59.146
669,Jacqueline,Ruiz,jruizik@msu.edu,Female,140.73.160.147
670,Rebecca,Harper,rharperil@prweb.com,Female,64.210.193.105
671,Adam,Davis,adavisim@oakley.com,Male,207.143.254.70
672,Earl,Harris,eharrisin@hp.com,Male,73.231.22.98
673,Christopher,Brown,cbrownio@wired.com,Male,227.139.128.59
674,Carl,Warren,cwarrenip@dot.gov,Male,45.203.25.114
675,Janet,Harper,jharperiq@thetimes.co.uk,Female,171.85.57.230
676,Christopher,Gardner,cgardnerir@globo.com,Male,35.153.118.229
677,Fred,Lynch,flynchis@hhs.gov,Male,176.15.102.201
678,Rachel,Kelly,rkellyit@gnu.org,Female,29.138.126.237
679,Betty,Jackson,bjacksoniu@exblog.jp,Female,51.115.250.163
680,Jane,Peterson,jpetersoniv@godaddy.com,Female,109.1.150.160
681,Virginia,Myers,vmyersiw@sbwire.com,Female,160.8.236.111
682,Catherine,Fernandez,cfernandezix@cdbaby.com,Female,248.19.239.172
683,Andrew,Williams,awilliamsiy@sogou.com,Male,76.2.25.246
684,Barbara,Welch,bwelchiz@google.co.uk,Female,129.251.128.140
685,James,Fuller,jfullerj0@xrea.com,Male,246.175.20.195
686,Irene,Welch,iwelchj1@discovery.com,Female,98.132.62.127
687,Adam,Nguyen,anguyenj2@chicagotribune.com,Male,84.139.186.196
688,Jason,Wilson,jwilsonj3@sourceforge.net,Male,77.75.149.145
689,Carol,Boyd,cboydj4@webnode.com,Female,47.203.24.247
690,Janice,George,jgeorgej5@uol.com.br,Female,195.221.5.44
691,Karen,Watson,kwatsonj6@slideshare.net,Female,207.149.157.144
692,Pamela,Bailey,pbaileyj7@stanford.edu,Female,38.187.216.191
693,Antonio,Bowman,abowmanj8@unicef.org,Male,110.117.203.35
694,Andrea,Ferguson,afergusonj9@cbsnews.com,Female,27.52.132.182
695,Rose,Rodriguez,rrodriguezja@godaddy.com,Female,18.178.118.214
696,Gregory,Davis,gdavisjb@nsw.gov.au,Male,45.91.231.181
697,Robert,Bailey,rbaileyjc@chronoengine.com,Male,97.251.32.63
698,Jane,Palmer,jpalmerjd@reverbnation.com,Female,11.214.23.83
699,Louis,Fields,lfieldsje@msu.edu,Male,196.57.116.226
700,Ernest,Banks,ebanksjf@google.co.jp,Male,77.190.191.128
701,Russell,Morgan,rmorganjg@cargocollective.com,Male,66.106.98.123
702,Amanda,Lawson,alawsonjh@bbb.org,Female,209.90.216.166
703,Beverly,Williamson,bwilliamsonji@about.com,Female,38.223.5.251
704,Eugene,Morales,emoralesjj@github.io,Male,121.235.200.43
705,Douglas,Price,dpricejk@slate.com,Male,78.48.242.24
706,Deborah,Hernandez,dhernandezjl@yale.edu,Female,249.82.29.28
707,John,Watkins,jwatkinsjm@ox.ac.uk,Male,93.216.33.1
708,Ralph,Howard,rhowardjn@noaa.gov,Male,67.117.217.226
709,Betty,Hudson,bhudsonjo@nymag.com,Female,115.35.76.3
710,Kevin,Simpson,ksimpsonjp@twitter.com,Male,52.41.64.157
711,Rose,Matthews,rmatthewsjq@theatlantic.com,Female,90.84.202.238
712,Teresa,Wheeler,twheelerjr@bbc.co.uk,Female,186.98.169.150
713,Antonio,Owens,aowensjs@dropbox.com,Male,247.179.112.193
714,Harry,Johnson,hjohnsonjt@jiathis.com,Male,185.34.250.37
715,Jesse,Gordon,jgordonju@weather.com,Male,142.20.34.136
716,Martha,Allen,mallenjv@gnu.org,Female,123.83.150.243
717,Karen,Young,kyoungjw@ucoz.com,Female,37.197.135.151
718,Katherine,Cook,kcookjx@mapy.cz,Female,62.44.0.212
719,Cynthia,Ramos,cramosjy@google.nl,Female,141.34.60.252
720,Judy,Adams,jadamsjz@youku.com,Female,146.35.153.82
721,Brenda,Jackson,bjacksonk0@homestead.com,Female,105.184.205.246
722,Edward,Bryant,ebryantk1@about.me,Male,45.39.158.0
723,Fred,Russell,frussellk2@yellowbook.com,Male,75.27.75.181
724,Brenda,Baker,bbakerk3@stanford.edu,Female,85.82.221.190
725,Laura,George,lgeorgek4@clickbank.net,Female,4.117.164.151
726,Ralph,Meyer,rmeyerk5@bigcartel.com,Male,216.77.150.36
727,Betty,Williamson,bwilliamsonk6@webs.com,Female,195.242.241.134
728,Ronald,Ray,rrayk7@dot.gov,Male,244.87.222.119
729,Antonio,Carr,acarrk8@hc360.com,Male,102.30.231.49
730,Timothy,Hamilton,thamiltonk9@salon.com,Male,148.146.247.229
731,David,Parker,dparkerka@fda.gov,Male,43.3.150.188
732,Benjamin,Schmidt,bschmidtkb@yelp.com,Male,54.100.32.182
733,Kenneth,Bennett,kbennettkc@reverbnation.com,Male,121.80.55.145
734,Donald,Hamilton,dhamiltonkd@independent.co.uk,Male,143.7.243.42
735,Albert,Little,alittleke@istockphoto.com,Male,204.172.117.99
736,Rebecca,Watkins,rwatkinskf@microsoft.com,Female,140.120.29.53
737,Amanda,Green,agreenkg@1und1.de,Female,170.79.215.109
738,Sean,Duncan,sduncankh@elegantthemes.com,Male,117.186.23.154
739,Ryan,Hicks,rhickski@weebly.com,Male,227.152.31.212
740,Thomas,Garza,tgarzakj@nih.gov,Male,215.191.173.107
741,Jessica,Foster,jfosterkk@xrea.com,Female,163.255.18.159
742,Jonathan,Rodriguez,jrodriguezkl@slideshare.net,Male,121.8.223.59
743,Sara,Meyer,smeyerkm@eventbrite.com,Female,19.146.59.133
744,Juan,Elliott,jelliottkn@amazonaws.com,Male,137.86.35.197
745,Patricia,Castillo,pcastilloko@google.it,Female,128.109.234.253
746,Paul,Cox,pcoxkp@google.com.hk,Male,245.30.4.125
747,Jose,Fields,jfieldskq@topsy.com,Male,247.36.58.227
748,James,Smith,jsmithkr@theglobeandmail.com,Male,88.219.79.39
749,Cynthia,Perry,cperryks@weebly.com,Female,108.91.95.89
750,Elizabeth,Rivera,eriverakt@flavors.me,Female,123.171.102.89
751,Betty,Fernandez,bfernandezku@xinhuanet.com,Female,237.139.206.57
752,Terry,Ruiz,truizkv@wordpress.org,Male,147.223.133.199
753,Ralph,Miller,rmillerkw@cafepress.com,Male,184.248.15.52
754,Earl,Stephens,estephenskx@independent.co.uk,Male,80.139.181.37
755,Janet,Patterson,jpattersonky@nytimes.com,Female,242.70.244.133
756,Jose,Roberts,jrobertskz@sitemeter.com,Male,193.156.212.240
757,Evelyn,Myers,emyersl0@fc2.com,Female,63.180.29.151
758,Brandon,Cole,bcolel1@theglobeandmail.com,Male,81.147.220.155
759,James,Payne,jpaynel2@usa.gov,Male,16.62.88.254
760,Gary,Simpson,gsimpsonl3@miibeian.gov.cn,Male,199.4.35.58
761,Elizabeth,Hill,ehilll4@acquirethisname.com,Female,40.123.139.117
762,James,Bishop,jbishopl5@123-reg.co.uk,Male,115.146.122.194
763,Carolyn,Mccoy,cmccoyl6@dagondesign.com,Female,126.237.161.226
764,Tammy,Diaz,tdiazl7@statcounter.com,Female,191.183.246.28
765,Margaret,Peterson,mpetersonl8@dion.ne.jp,Female,177.247.108.36
766,Gerald,Gray,ggrayl9@microsoft.com,Male,18.33.95.4
767,Eugene,Alvarez,ealvarezla@clickbank.net,Male,225.28.45.17
768,Annie,Freeman,afreemanlb@hp.com,Female,187.165.183.75
769,Catherine,Morales,cmoraleslc@ocn.ne.jp,Female,44.205.125.210
770,Wayne,Kelley,wkelleyld@diigo.com,Male,228.197.65.183
771,Andrew,Andrews,aandrewsle@arstechnica.com,Male,242.23.60.205
772,Peter,Parker,pparkerlf@hc360.com,Male,13.147.67.96
773,Louis,Washington,lwashingtonlg@smh.com.au,Male,123.45.210.65
774,Sharon,Kelley,skelleylh@surveymonkey.com,Female,45.142.189.219
775,Jessica,Lynch,jlynchli@blogtalkradio.com,Female,136.161.12.104
776,Brandon,Perez,bperezlj@facebook.com,Male,36.97.5.217
777,Phillip,Mcdonald,pmcdonaldlk@comcast.net,Male,42.72.202.81
778,Billy,Duncan,bduncanll@wix.com,Male,103.121.164.9
779,Christina,Marshall,cmarshalllm@privacy.gov.au,Female,7.238.52.199
780,Christopher,Ward,cwardln@usatoday.com,Male,128.9.200.179
781,Christopher,Hanson,chansonlo@chronoengine.com,Male,170.238.210.36
782,Debra,Fuller,dfullerlp@hao123.com,Female,53.19.46.166
783,Kelly,Sanchez,ksanchezlq@businesswire.com,Female,141.120.228.171
784,Linda,Stewart,lstewartlr@hp.com,Female,117.223.144.12
785,Ann,Arnold,aarnoldls@jimdo.com,Female,208.30.231.191
786,Kathleen,James,kjameslt@fda.gov,Female,219.160.90.197
787,Beverly,Carr,bcarrlu@nationalgeographic.com,Female,194.107.109.92
788,Eric,Robertson,erobertsonlv@flavors.me,Male,42.143.102.251
789,Benjamin,Kelley,bkelleylw@illinois.edu,Male,203.167.113.171
790,Kelly,Hill,khilllx@archive.org,Female,162.254.147.142
791,Amanda,Nelson,anelsonly@unc.edu,Female,89.153.244.12
792,Peter,Bell,pbelllz@seesaa.net,Male,182.120.185.17
793,Brandon,Ellis,bellism0@smugmug.com,Male,237.57.51.8
794,Robert,Wallace,rwallacem1@newyorker.com,Male,165.80.188.55
795,Carolyn,Phillips,cphillipsm2@symantec.com,Female,207.212.126.206
796,Russell,Fields,rfieldsm3@hatena.ne.jp,Male,130.48.133.222
797,Roy,Brooks,rbrooksm4@wsj.com,Male,187.101.110.105
798,Benjamin,Shaw,bshawm5@paypal.com,Male,193.111.51.119
799,Phyllis,Porter,pporterm6@deviantart.com,Female,166.129.99.220
800,Matthew,Hernandez,mhernandezm7@imageshack.us,Male,236.132.109.31
801,Lillian,White,lwhitem8@netvibes.com,Female,69.215.79.175
802,Nicole,Coleman,ncolemanm9@e-recht24.de,Female,147.215.215.166
803,Lillian,Graham,lgrahamma@jiathis.com,Female,6.203.231.78
804,Walter,Boyd,wboydmb@posterous.com,Male,133.83.187.81
805,Brenda,Sanchez,bsanchezmc@liveinternet.ru,Female,73.62.124.249
806,Pamela,Tucker,ptuckermd@bing.com,Female,12.180.204.33
807,Joseph,Wells,jwellsme@dropbox.com,Male,65.252.202.178
808,Ralph,Adams,radamsmf@upenn.edu,Male,86.25.168.77
809,Jimmy,Ryan,jryanmg@pcworld.com,Male,68.220.87.109
810,Willie,Lee,wleemh@salon.com,Male,158.17.146.92
811,Kenneth,Daniels,kdanielsmi@yahoo.co.jp,Male,129.40.203.159
812,Samuel,Scott,sscottmj@vimeo.com,Male,222.107.192.199
813,Billy,Price,bpricemk@eepurl.com,Male,247.251.212.94
814,Antonio,Black,ablackml@discovery.com,Male,111.241.47.200
815,Robin,Carr,rcarrmm@nhs.uk,Female,141.217.71.104
816,Mark,Turner,mturnermn@archive.org,Male,218.94.22.1
817,Christopher,Cook,ccookmo@furl.net,Male,107.163.97.123
818,Jerry,Ramirez,jramirezmp@dropbox.com,Male,3.145.174.99
819,Diana,Lopez,dlopezmq@skype.com,Female,17.148.187.71
820,Willie,Roberts,wrobertsmr@gizmodo.com,Male,44.57.227.187
821,Susan,Little,slittlems@thetimes.co.uk,Female,250.151.228.67
822,Chris,Rogers,crogersmt@cdc.gov,Male,243.238.51.96
823,Katherine,Hudson,khudsonmu@marketwatch.com,Female,211.248.84.134
824,Louise,Morales,lmoralesmv@mail.ru,Female,130.173.184.61
825,Louis,Rogers,lrogersmw@is.gd,Male,96.228.138.177
826,Mary,Hicks,mhicksmx@skype.com,Female,36.148.68.183
827,Stephen,Fuller,sfullermy@dailymotion.com,Male,221.121.208.102
828,Antonio,Edwards,aedwardsmz@google.com.br,Male,253.111.56.142
829,Douglas,Wells,dwellsn0@chron.com,Male,50.213.73.126
830,Anthony,Walker,awalkern1@com.com,Male,49.195.104.62
831,Kimberly,Russell,krusselln2@rambler.ru,Female,243.158.203.76
832,Carlos,Long,clongn3@opensource.org,Male,1.90.24.13
833,Harry,Jordan,hjordann4@cbslocal.com,Male,12.233.40.228
834,Cheryl,Cooper,ccoopern5@wikipedia.org,Female,225.220.106.49
835,Jeremy,Lee,jleen6@ustream.tv,Male,114.199.131.16
836,Billy,Ford,bfordn7@marriott.com,Male,47.89.25.63
837,Nicholas,Burton,nburtonn8@smh.com.au,Male,92.61.150.98
838,Ronald,Price,rpricen9@weibo.com,Male,13.16.197.15
839,Judith,Sims,jsimsna@trellian.com,Female,80.46.38.133
840,Walter,Alexander,walexandernb@time.com,Male,220.149.225.222
841,Adam,Griffin,agriffinnc@dyndns.org,Male,20.25.230.11
842,Gary,Ward,gwardnd@rakuten.co.jp,Male,54.194.45.86
843,Jane,Daniels,jdanielsne@wufoo.com,Female,243.155.134.71
844,Carolyn,Dunn,cdunnnf@jimdo.com,Female,186.152.48.106
845,Katherine,Warren,kwarrenng@sitemeter.com,Female,204.167.111.147
846,Steve,Chapman,schapmannh@geocities.jp,Male,182.93.52.12
847,Brian,Phillips,bphillipsni@mit.edu,Male,177.16.73.187
848,Mary,Patterson,mpattersonnj@mayoclinic.com,Female,133.149.131.182
849,Rebecca,Bennett,rbennettnk@a8.net,Female,35.21.101.174
850,Matthew,Lee,mleenl@huffingtonpost.com,Male,84.6.70.111
851,Jennifer,Richardson,jrichardsonnm@quantcast.com,Female,35.70.150.168
852,Elizabeth,Hamilton,ehamiltonnn@bloglovin.com,Female,152.143.36.221
853,Phillip,Willis,pwillisno@mashable.com,Male,100.102.184.213
854,Mary,Hill,mhillnp@slideshare.net,Female,36.208.43.175
855,Phyllis,Montgomery,pmontgomerynq@github.com,Female,169.110.148.221
856,Randy,Adams,radamsnr@github.io,Male,181.119.139.182
857,Ruth,Robinson,rrobinsonns@bloglines.com,Female,145.62.55.194
858,Paula,Hayes,phayesnt@japanpost.jp,Female,118.48.126.80
859,Henry,Edwards,hedwardsnu@wp.com,Male,200.59.174.76
860,Evelyn,Williamson,ewilliamsonnv@buzzfeed.com,Female,185.150.110.176
861,Rebecca,Reyes,rreyesnw@wordpress.com,Female,24.238.95.226
862,Randy,Webb,rwebbnx@pen.io,Male,193.38.221.97
863,Donald,James,djamesny@patch.com,Male,146.76.85.216
864,Bonnie,Sanchez,bsancheznz@barnesandnoble.com,Female,30.64.170.52
865,Edward,Bryant,ebryanto0@nasa.gov,Male,109.123.11.45
866,Daniel,Andrews,dandrewso1@sfgate.com,Male,109.243.11.163
867,Jesse,Murphy,jmurphyo2@blog.com,Male,134.120.247.68
868,Jennifer,Daniels,jdanielso3@com.com,Female,216.188.93.137
869,Anthony,Morales,amoraleso4@deliciousdays.com,Male,235.17.117.106
870,Antonio,Lane,alaneo5@google.com.au,Male,81.220.61.109
871,Julia,Watson,jwatsono6@is.gd,Female,226.102.228.6
872,Raymond,Mendoza,rmendozao7@un.org,Male,75.87.179.136
873,Michelle,Martin,mmartino8@seesaa.net,Female,139.80.152.48
874,Jacqueline,Washington,jwashingtono9@dagondesign.com,Female,15.35.160.165
875,Nancy,Anderson,nandersonoa@illinois.edu,Female,67.84.182.63
876,Virginia,Warren,vwarrenob@studiopress.com,Female,126.247.48.214
877,Steven,Rodriguez,srodriguezoc@irs.gov,Male,203.161.191.82
878,Brenda,Moreno,bmorenood@slashdot.org,Female,244.147.70.252
879,Walter,Stone,wstoneoe@4shared.com,Male,119.138.186.60
880,Craig,Ford,cfordof@wired.com,Male,204.201.224.226
881,Deborah,Jackson,djacksonog@nifty.com,Female,207.55.251.97
882,Ralph,Fisher,rfisheroh@ftc.gov,Male,0.137.113.96
883,Catherine,Turner,cturneroi@adobe.com,Female,212.57.34.109
884,Denise,Chapman,dchapmanoj@last.fm,Female,220.59.59.10
885,Kenneth,Fernandez,kfernandezok@cbsnews.com,Male,119.214.161.187
886,Kevin,Austin,kaustinol@washington.edu,Male,245.107.199.124
887,Amy,Walker,awalkerom@shareasale.com,Female,233.90.39.178
888,Rachel,Burke,rburkeon@cafepress.com,Female,156.214.155.135
889,Kelly,Diaz,kdiazoo@163.com,Female,161.56.62.154
890,Helen,Henry,hhenryop@elpais.com,Female,104.179.56.177
891,Carolyn,Day,cdayoq@godaddy.com,Female,26.174.35.245
892,Heather,Meyer,hmeyeror@scientificamerican.com,Female,213.59.37.87
893,Jack,Robertson,jrobertsonos@arizona.edu,Male,145.9.154.49
894,Diana,Dixon,ddixonot@netlog.com,Female,204.242.83.54
895,Gregory,Berry,gberryou@blinklist.com,Male,192.78.90.93
896,Ruth,Henderson,rhendersonov@wufoo.com,Female,251.107.187.156
897,Tammy,Morris,tmorrisow@xing.com,Female,239.7.117.182
898,Harold,Simmons,hsimmonsox@youku.com,Male,198.245.202.71
899,Martha,Garcia,mgarciaoy@ihg.com,Female,191.67.127.117
900,Ernest,Garcia,egarciaoz@parallels.com,Male,65.24.106.168
901,John,Andrews,jandrewsp0@vistaprint.com,Male,198.254.151.251
902,Walter,Wells,wwellsp1@flickr.com,Male,219.56.200.149
903,Rose,Fox,rfoxp2@spotify.com,Female,87.138.76.36
904,Judith,Sanchez,jsanchezp3@hp.com,Female,119.11.80.184
905,Denise,Hansen,dhansenp4@ucoz.com,Female,33.82.82.59
906,Debra,James,djamesp5@xinhuanet.com,Female,188.205.147.248
907,Dennis,Kim,dkimp6@google.com.au,Male,60.220.119.231
908,Margaret,Matthews,mmatthewsp7@free.fr,Female,241.21.163.243
909,Jack,Montgomery,jmontgomeryp8@cisco.com,Male,142.141.180.63
910,Ernest,Wheeler,ewheelerp9@alibaba.com,Male,104.143.246.235
911,Lisa,Burke,lburkepa@xinhuanet.com,Female,77.40.57.3
912,Jesse,Harris,jharrispb@paypal.com,Male,36.208.144.101
913,Nicole,Jordan,njordanpc@technorati.com,Female,15.115.9.252
914,Randy,Larson,rlarsonpd@cafepress.com,Male,140.217.238.249
915,Donna,Bennett,dbennettpe@joomla.org,Female,95.116.31.187
916,Carlos,Andrews,candrewspf@abc.net.au,Male,157.185.153.203
917,Steve,Crawford,scrawfordpg@delicious.com,Male,14.236.169.87
918,Arthur,Johnson,ajohnsonph@cpanel.net,Male,74.211.56.55
919,Virginia,Ferguson,vfergusonpi@i2i.jp,Female,78.198.88.112
920,Deborah,Boyd,dboydpj@ibm.com,Female,163.40.190.249
921,Kenneth,Oliver,koliverpk@godaddy.com,Male,215.129.8.4
922,Fred,Morrison,fmorrisonpl@etsy.com,Male,246.203.225.19
923,Keith,Nguyen,knguyenpm@cbsnews.com,Male,239.18.127.21
924,Harry,Montgomery,hmontgomerypn@fema.gov,Male,221.122.54.192
925,Karen,Ramirez,kramirezpo@lycos.com,Female,244.56.193.227
926,Mark,Phillips,mphillipspp@nationalgeographic.com,Male,134.227.103.43
927,Timothy,Price,tpricepq@parallels.com,Male,140.116.85.192
928,Adam,Kelley,akelleypr@weebly.com,Male,230.163.143.59
929,Dennis,Ford,dfordps@economist.com,Male,124.59.234.162
930,Mark,Vasquez,mvasquezpt@oakley.com,Male,241.64.55.114
931,Rose,Patterson,rpattersonpu@slate.com,Female,49.65.112.14
932,Donald,Reed,dreedpv@bloglovin.com,Male,165.100.39.32
933,Walter,Adams,wadamspw@yale.edu,Male,71.175.34.176
934,Phyllis,Cooper,pcooperpx@weibo.com,Female,124.66.196.132
935,Daniel,Perkins,dperkinspy@accuweather.com,Male,149.195.189.33
936,Frank,Reed,freedpz@google.ca,Male,210.27.123.49
937,Howard,Cole,hcoleq0@storify.com,Male,69.37.243.84
938,Juan,Austin,jaustinq1@altervista.org,Male,236.23.158.44
939,Bonnie,Edwards,bedwardsq2@yolasite.com,Female,234.5.82.221
940,Ruth,Jordan,rjordanq3@imgur.com,Female,134.199.100.20
941,Ruth,Rose,rroseq4@printfriendly.com,Female,199.243.13.230
942,Maria,Hunter,mhunterq5@ucla.edu,Female,145.59.178.207
943,Judith,Allen,jallenq6@skype.com,Female,152.255.73.200
944,Thomas,Franklin,tfranklinq7@hc360.com,Male,76.32.78.176
945,Walter,Dixon,wdixonq8@google.nl,Male,147.177.73.168
946,Rachel,Brooks,rbrooksq9@chron.com,Female,103.254.9.94
947,Joe,Gray,jgrayqa@disqus.com,Male,254.245.111.228
948,Todd,Bell,tbellqb@narod.ru,Male,66.147.223.196
949,Brenda,White,bwhiteqc@google.com.au,Female,230.194.239.95
950,Ruth,Warren,rwarrenqd@livejournal.com,Female,115.147.252.39
951,Joyce,Bradley,jbradleyqe@nbcnews.com,Female,197.68.15.110
952,Charles,Diaz,cdiazqf@economist.com,Male,24.207.194.221
953,Christopher,Lopez,clopezqg@wikia.com,Male,132.103.149.92
954,Peter,Mason,pmasonqh@parallels.com,Male,116.163.211.178
955,Teresa,Dean,tdeanqi@dailymail.co.uk,Female,10.250.34.21
956,Karen,Mitchell,kmitchellqj@europa.eu,Female,83.94.197.27
957,James,Garcia,jgarciaqk@prnewswire.com,Male,77.222.58.247
958,Barbara,Austin,baustinql@unblog.fr,Female,255.16.1.138
959,Kimberly,Williams,kwilliamsqm@uiuc.edu,Female,93.115.159.32
960,Christopher,Elliott,celliottqn@nyu.edu,Male,84.217.134.160
961,Timothy,Bishop,tbishopqo@booking.com,Male,225.54.53.250
962,Sandra,Hicks,shicksqp@issuu.com,Female,244.230.93.168
963,Heather,Foster,hfosterqq@i2i.jp,Female,154.123.118.252
964,Jason,Bennett,jbennettqr@altervista.org,Male,38.32.133.223
965,Terry,Young,tyoungqs@scientificamerican.com,Male,149.59.168.185
966,Teresa,Vasquez,tvasquezqt@ted.com,Female,211.166.72.173
967,Wayne,Lee,wleequ@barnesandnoble.com,Male,255.236.221.176
968,Martha,Greene,mgreeneqv@yandex.ru,Female,42.220.184.143
969,Ernest,Sullivan,esullivanqw@so-net.ne.jp,Male,119.230.99.25
970,Jesse,Parker,jparkerqx@friendfeed.com,Male,178.8.251.1
971,Sara,Weaver,sweaverqy@clickbank.net,Female,226.119.104.170
972,Craig,Wright,cwrightqz@cargocollective.com,Male,22.15.102.213
973,Rebecca,Simmons,rsimmonsr0@plala.or.jp,Female,6.16.224.212
974,Craig,Harper,charperr1@cnbc.com,Male,50.208.212.186
975,Bobby,Robinson,brobinsonr2@blogspot.com,Male,80.128.131.105
976,Rebecca,Webb,rwebbr3@rakuten.co.jp,Female,178.66.155.229
977,Jerry,Nelson,jnelsonr4@squidoo.com,Male,11.153.71.121
978,Janice,Burns,jburnsr5@moonfruit.com,Female,167.163.61.215
979,Jesse,Walker,jwalkerr6@uol.com.br,Male,36.125.51.188
980,Kathleen,Edwards,kedwardsr7@google.fr,Female,89.218.106.104
981,Victor,Rivera,vriverar8@bloglines.com,Male,66.160.211.169
982,Cheryl,Elliott,celliottr9@sitemeter.com,Female,229.92.149.238
983,Paul,Reid,preidra@acquirethisname.com,Male,144.139.227.97
984,Johnny,Allen,jallenrb@google.ca,Male,18.135.141.125
985,Shirley,Freeman,sfreemanrc@nsw.gov.au,Female,128.77.177.161
986,Donald,Schmidt,dschmidtrd@fastcompany.com,Male,213.17.70.225
987,Ernest,Webb,ewebbre@goo.gl,Male,49.235.127.2
988,Jane,Bradley,jbradleyrf@etsy.com,Female,189.110.115.154
989,Lisa,Dean,ldeanrg@nationalgeographic.com,Female,178.142.115.228
990,Evelyn,Hall,ehallrh@livejournal.com,Female,222.41.48.130
991,Anthony,Gilbert,agilbertri@youtu.be,Male,126.140.16.159
992,Sarah,Allen,sallenrj@state.tx.us,Female,135.59.131.179
993,Sean,Rice,sricerk@engadget.com,Male,11.130.107.33
994,Carlos,Ruiz,cruizrl@twitter.com,Male,32.83.127.13
995,Amanda,Oliver,aoliverrm@cisco.com,Female,148.194.106.106
996,Jacqueline,Stewart,jstewartrn@blog.com,Female,34.42.181.4
997,Ronald,Harrison,rharrisonro@ocn.ne.jp,Male,35.114.164.205
998,Sandra,Howell,showellrp@paginegialle.it,Female,142.175.82.111
999,Wayne,Johnson,wjohnsonrq@com.com,Male,149.55.34.81
1000,Matthew,Freeman,mfreemanrr@canalblog.com,Male,220.52.51.225
